tick,timestamp,latency_ms,jitter_ms,utilization_pct,loss_pct,cpu_pct,active_flows,event
0,2026-05-12 08:00:00,3.3,1.51,1.73,0.0,29.28,6,normal
1,2026-05-12 08:00:01,4.81,1.22,6.66,0.0,14.59,15,normal
2,2026-05-12 08:00:02,3.7,1.58,5.88,0.0,10.01,10,normal
3,2026-05-12 08:00:03,2.01,0.16,9.87,0.0,14.31,20,normal
4,2026-05-12 08:00:04,1.54,0.98,8.55,0.0,20.41,14,normal
5,2026-05-12 08:00:05,2.22,1.6,1.66,0.0,32.71,5,normal
6,2026-05-12 08:00:06,3.46,0.56,5.99,0.0,30.5,11,normal
7,2026-05-12 08:00:07,4.62,0.15,1.96,0.0,26.05,7,normal
8,2026-05-12 08:00:08,3.28,0.28,9.41,0.0,18.26,19,normal
9,2026-05-12 08:00:09,3.53,1.29,8.4,0.0,25.9,16,normal
10,2026-05-12 08:00:10,2.5,0.41,8.89,0.0,32.31,17,normal
11,2026-05-12 08:00:11,3.26,0.31,10.56,0.0,15.23,18,normal
12,2026-05-12 08:00:12,2.21,1.15,4.83,0.0,34.68,12,normal
13,2026-05-12 08:00:13,3.68,1.71,3.86,0.0,27.49,8,normal
14,2026-05-12 08:00:14,4.06,1.28,10.15,0.0,20.2,18,normal
15,2026-05-12 08:00:15,2.65,1.97,9.89,0.0,14.44,18,normal
16,2026-05-12 08:00:16,1.16,1.8,3.38,0.0,12.14,7,normal
17,2026-05-12 08:00:17,1.08,0.52,2.61,0.0,12.64,6,normal
18,2026-05-12 08:00:18,3.76,1.77,6.73,0.0,16.07,12,normal
19,2026-05-12 08:00:19,1.64,0.76,1.92,0.0,17.01,6,normal
20,2026-05-12 08:00:20,2.52,1.85,6.93,0.0,31.3,15,normal
21,2026-05-12 08:00:21,1.07,1.08,4.13,0.0,17.0,7,normal
22,2026-05-12 08:00:22,2.37,0.44,8.07,0.0,11.91,15,normal
23,2026-05-12 08:00:23,2.84,0.13,4.37,0.0,26.81,10,normal
24,2026-05-12 08:00:24,1.79,2.0,9.58,0.0,23.68,18,normal
25,2026-05-12 08:00:25,2.01,0.83,9.42,0.0,35.99,19,normal
26,2026-05-12 08:00:26,1.42,1.77,5.72,0.0,16.44,9,normal
27,2026-05-12 08:00:27,4.32,0.76,2.13,0.0,30.86,5,normal
28,2026-05-12 08:00:28,3.11,1.29,2.4,0.0,29.78,5,normal
29,2026-05-12 08:00:29,2.83,0.58,3.58,0.0,35.1,5,normal
30,2026-05-12 08:00:30,3.53,0.25,8.66,0.0,33.56,15,normal
31,2026-05-12 08:00:31,4.47,1.06,7.5,0.0,34.07,12,normal
32,2026-05-12 08:00:32,3.68,1.23,2.92,0.0,14.23,8,normal
33,2026-05-12 08:00:33,4.72,0.7,7.12,0.0,34.97,12,normal
34,2026-05-12 08:00:34,1.11,1.45,4.0,0.0,39.48,10,normal
35,2026-05-12 08:00:35,4.23,0.51,7.09,0.0,38.29,17,normal
36,2026-05-12 08:00:36,3.09,1.36,7.68,0.0,32.46,15,normal
37,2026-05-12 08:00:37,4.77,1.5,9.09,0.0,39.94,19,normal
38,2026-05-12 08:00:38,3.17,1.34,8.55,0.0,30.89,17,normal
39,2026-05-12 08:00:39,3.05,1.15,7.06,0.0,31.82,13,normal
40,2026-05-12 08:00:40,3.31,0.91,5.45,0.0,32.31,12,normal
41,2026-05-12 08:00:41,2.28,0.26,10.4,0.0,23.85,20,normal
42,2026-05-12 08:00:42,1.95,1.63,7.27,0.0,35.97,18,normal
43,2026-05-12 08:00:43,2.54,0.3,5.85,0.0,10.51,12,normal
44,2026-05-12 08:00:44,3.34,1.38,6.14,0.0,13.04,10,normal
45,2026-05-12 08:00:45,2.96,1.21,8.78,0.0,23.81,17,normal
46,2026-05-12 08:00:46,2.32,1.24,4.35,0.0,25.95,11,normal
47,2026-05-12 08:00:47,3.28,0.98,7.64,0.0,31.25,16,normal
48,2026-05-12 08:00:48,4.61,1.8,7.54,0.0,37.18,14,normal
49,2026-05-12 08:00:49,4.5,0.44,3.64,0.0,38.6,7,normal
50,2026-05-12 08:00:50,3.35,0.26,10.3,0.0,34.66,19,normal
51,2026-05-12 08:00:51,1.94,1.67,5.42,0.0,17.9,18,normal
52,2026-05-12 08:00:52,4.98,1.27,7.5,0.0,19.48,11,normal
53,2026-05-12 08:00:53,3.91,1.05,6.94,0.0,32.14,15,normal
54,2026-05-12 08:00:54,2.66,0.23,3.23,0.0,34.42,11,normal
55,2026-05-12 08:00:55,4.63,1.21,9.85,0.0,22.07,19,normal
56,2026-05-12 08:00:56,1.52,1.87,5.46,0.0,29.21,10,normal
57,2026-05-12 08:00:57,4.62,0.46,4.29,0.0,29.37,7,normal
58,2026-05-12 08:00:58,4.18,0.38,5.28,0.0,31.83,12,normal
59,2026-05-12 08:00:59,2.19,1.05,7.28,0.0,15.73,14,normal
60,2026-05-12 08:01:00,2.03,1.21,6.7,0.0,28.3,12,normal
61,2026-05-12 08:01:01,2.08,0.5,7.37,0.0,30.11,14,normal
62,2026-05-12 08:01:02,1.87,0.55,5.55,0.0,19.87,10,normal
63,2026-05-12 08:01:03,3.85,1.73,5.63,0.0,38.86,12,normal
64,2026-05-12 08:01:04,3.26,0.65,2.36,0.0,19.55,6,normal
65,2026-05-12 08:01:05,2.78,1.03,8.5,0.0,35.66,16,normal
66,2026-05-12 08:01:06,4.54,0.34,6.32,0.0,33.81,12,normal
67,2026-05-12 08:01:07,3.54,0.71,3.71,0.0,36.25,6,normal
68,2026-05-12 08:01:08,1.43,0.82,3.47,0.0,32.16,6,normal
69,2026-05-12 08:01:09,4.32,0.37,6.51,0.0,12.44,14,normal
70,2026-05-12 08:01:10,2.16,1.47,7.6,0.0,12.46,18,normal
71,2026-05-12 08:01:11,1.69,1.86,4.42,0.0,10.21,9,normal
72,2026-05-12 08:01:12,2.37,1.63,8.6,0.0,14.45,14,normal
73,2026-05-12 08:01:13,2.3,0.61,6.66,0.0,31.94,16,normal
74,2026-05-12 08:01:14,2.64,1.13,7.78,0.0,36.98,19,normal
75,2026-05-12 08:01:15,2.97,1.92,9.57,0.0,15.62,16,normal
76,2026-05-12 08:01:16,4.96,0.13,3.38,0.0,29.14,6,normal
77,2026-05-12 08:01:17,4.68,1.71,5.89,0.0,38.3,9,normal
78,2026-05-12 08:01:18,4.21,0.84,5.39,0.0,35.93,9,normal
79,2026-05-12 08:01:19,3.3,0.89,4.01,0.0,13.02,8,normal
80,2026-05-12 08:01:20,4.75,0.59,5.93,0.0,19.5,13,normal
81,2026-05-12 08:01:21,2.54,0.77,9.4,0.0,24.16,20,normal
82,2026-05-12 08:01:22,2.52,0.57,8.89,0.0,29.93,18,normal
83,2026-05-12 08:01:23,2.87,1.32,2.51,0.0,37.3,5,normal
84,2026-05-12 08:01:24,4.06,0.85,6.69,0.0,35.34,15,normal
85,2026-05-12 08:01:25,4.81,0.57,10.64,0.0,29.48,18,normal
86,2026-05-12 08:01:26,2.97,0.88,10.6,0.0,16.72,17,normal
87,2026-05-12 08:01:27,3.98,0.63,9.59,0.0,16.48,20,normal
88,2026-05-12 08:01:28,2.22,1.63,6.81,0.0,28.5,16,normal
89,2026-05-12 08:01:29,3.95,0.29,8.02,0.0,16.36,19,normal
90,2026-05-12 08:01:30,2.46,1.64,5.98,0.0,14.9,12,normal
91,2026-05-12 08:01:31,3.85,1.23,9.94,0.0,13.36,19,normal
92,2026-05-12 08:01:32,4.15,1.0,6.1,0.0,37.18,15,normal
93,2026-05-12 08:01:33,3.97,0.83,10.69,0.0,18.58,19,normal
94,2026-05-12 08:01:34,1.48,1.64,3.97,0.0,23.73,6,normal
95,2026-05-12 08:01:35,2.15,1.14,7.77,0.0,38.25,13,normal
96,2026-05-12 08:01:36,2.17,1.51,8.2,0.0,38.09,16,normal
97,2026-05-12 08:01:37,2.78,1.5,5.47,0.0,21.52,9,normal
98,2026-05-12 08:01:38,3.32,1.78,9.26,0.0,15.0,20,normal
99,2026-05-12 08:01:39,1.14,0.51,9.81,0.0,12.26,20,normal
100,2026-05-12 08:01:40,2.43,1.01,5.34,0.0,12.64,14,normal
101,2026-05-12 08:01:41,4.33,0.14,4.72,0.0,33.63,8,normal
102,2026-05-12 08:01:42,4.38,0.9,8.59,0.0,19.34,19,normal
103,2026-05-12 08:01:43,3.61,0.44,5.67,0.0,30.73,12,normal
104,2026-05-12 08:01:44,1.04,1.11,3.45,0.0,27.1,8,normal
105,2026-05-12 08:01:45,4.91,1.69,4.68,0.0,22.87,8,normal
106,2026-05-12 08:01:46,1.72,0.79,4.38,0.0,30.7,14,normal
107,2026-05-12 08:01:47,2.55,0.11,7.75,0.0,36.2,17,normal
108,2026-05-12 08:01:48,1.37,1.91,3.95,0.0,16.84,9,normal
109,2026-05-12 08:01:49,1.25,1.18,11.09,0.0,32.44,17,normal
110,2026-05-12 08:01:50,3.02,1.58,5.1,0.0,17.54,16,normal
111,2026-05-12 08:01:51,3.0,0.39,2.85,0.0,31.14,7,normal
112,2026-05-12 08:01:52,4.22,1.02,3.32,0.0,14.45,7,normal
113,2026-05-12 08:01:53,3.15,0.63,4.59,0.0,18.43,10,normal
114,2026-05-12 08:01:54,3.67,0.79,8.2,0.0,25.24,16,normal
115,2026-05-12 08:01:55,1.2,0.97,6.33,0.0,31.26,19,normal
116,2026-05-12 08:01:56,1.68,1.74,10.42,0.0,26.75,20,normal
117,2026-05-12 08:01:57,4.49,1.58,7.51,0.0,16.31,14,normal
118,2026-05-12 08:01:58,3.1,1.1,9.99,0.0,13.21,19,normal
119,2026-05-12 08:01:59,2.61,0.35,3.73,0.0,10.71,6,normal
120,2026-05-12 08:02:00,2.85,1.07,4.0,0.0,18.27,6,normal
121,2026-05-12 08:02:01,1.37,0.26,6.88,0.0,36.12,14,normal
122,2026-05-12 08:02:02,4.22,1.66,3.68,0.0,36.54,8,normal
123,2026-05-12 08:02:03,2.66,0.6,8.45,0.0,36.19,18,normal
124,2026-05-12 08:02:04,2.19,0.27,8.82,0.0,23.91,14,normal
125,2026-05-12 08:02:05,4.72,1.4,9.03,0.0,25.09,19,normal
126,2026-05-12 08:02:06,1.74,0.85,8.98,0.0,23.06,19,normal
127,2026-05-12 08:02:07,3.17,1.71,3.22,0.0,22.8,9,normal
128,2026-05-12 08:02:08,2.19,1.82,3.6,0.0,11.86,9,normal
129,2026-05-12 08:02:09,2.74,1.18,4.53,0.0,29.38,7,normal
130,2026-05-12 08:02:10,2.2,0.15,2.31,0.0,24.11,5,normal
131,2026-05-12 08:02:11,3.51,1.25,7.51,0.0,39.7,17,normal
132,2026-05-12 08:02:12,2.65,1.95,3.56,0.0,39.95,6,normal
133,2026-05-12 08:02:13,4.41,0.27,8.13,0.0,13.34,18,normal
134,2026-05-12 08:02:14,4.97,0.18,8.49,0.0,33.79,20,normal
135,2026-05-12 08:02:15,3.44,0.93,7.01,0.0,28.13,11,normal
136,2026-05-12 08:02:16,1.29,1.79,6.29,0.0,35.66,16,normal
137,2026-05-12 08:02:17,4.16,1.69,3.58,0.0,34.17,5,normal
138,2026-05-12 08:02:18,4.77,0.55,7.49,0.0,39.01,13,normal
139,2026-05-12 08:02:19,1.77,0.14,3.21,0.0,17.43,7,normal
140,2026-05-12 08:02:20,1.81,0.65,4.54,0.0,15.33,7,normal
141,2026-05-12 08:02:21,4.38,0.77,5.57,0.0,29.42,12,normal
142,2026-05-12 08:02:22,4.88,0.12,12.48,0.0,28.07,20,normal
143,2026-05-12 08:02:23,4.91,0.96,7.63,0.0,15.7,14,normal
144,2026-05-12 08:02:24,1.88,0.62,9.03,0.0,35.21,19,normal
145,2026-05-12 08:02:25,4.58,1.47,7.01,0.0,23.22,18,normal
146,2026-05-12 08:02:26,4.4,1.6,1.25,0.0,18.45,6,normal
147,2026-05-12 08:02:27,4.6,1.73,5.72,0.0,25.79,10,normal
148,2026-05-12 08:02:28,2.79,1.03,9.98,0.0,37.81,16,normal
149,2026-05-12 08:02:29,1.06,1.46,8.02,0.0,13.7,14,normal
150,2026-05-12 08:02:30,4.52,0.41,4.5,0.0,17.41,8,normal
151,2026-05-12 08:02:31,3.68,0.8,4.73,0.0,33.29,13,normal
152,2026-05-12 08:02:32,2.27,1.71,9.79,0.0,30.64,19,normal
153,2026-05-12 08:02:33,4.21,1.75,6.99,0.0,23.34,17,normal
154,2026-05-12 08:02:34,4.77,1.2,4.4,0.0,12.59,9,normal
155,2026-05-12 08:02:35,2.95,0.29,5.52,0.0,17.88,11,normal
156,2026-05-12 08:02:36,2.8,0.17,8.24,0.0,20.1,17,normal
157,2026-05-12 08:02:37,4.97,1.6,3.03,0.0,24.54,10,normal
158,2026-05-12 08:02:38,3.12,0.41,4.5,0.0,18.32,9,normal
159,2026-05-12 08:02:39,1.13,1.94,11.32,0.0,27.77,20,normal
160,2026-05-12 08:02:40,1.44,1.08,5.57,0.0,22.3,9,normal
161,2026-05-12 08:02:41,1.12,0.99,5.1,0.0,16.65,12,normal
162,2026-05-12 08:02:42,3.89,1.09,5.7,0.0,12.7,12,normal
163,2026-05-12 08:02:43,4.5,0.56,5.62,0.0,33.04,11,normal
164,2026-05-12 08:02:44,2.73,1.87,7.05,0.0,23.51,16,normal
165,2026-05-12 08:02:45,2.44,0.26,8.21,0.0,39.29,14,normal
166,2026-05-12 08:02:46,3.2,0.51,2.1,0.0,31.99,5,normal
167,2026-05-12 08:02:47,2.56,1.06,3.4,0.0,39.35,5,normal
168,2026-05-12 08:02:48,4.94,0.12,10.84,0.0,24.87,20,normal
169,2026-05-12 08:02:49,4.03,0.47,8.8,0.0,33.66,14,normal
170,2026-05-12 08:02:50,3.33,1.48,8.86,0.0,29.39,16,normal
171,2026-05-12 08:02:51,1.82,1.27,1.97,0.0,26.47,5,normal
172,2026-05-12 08:02:52,4.79,1.52,3.99,0.0,34.68,10,normal
173,2026-05-12 08:02:53,3.03,0.51,7.31,0.0,14.77,12,normal
174,2026-05-12 08:02:54,1.43,1.43,4.89,0.0,36.69,10,normal
175,2026-05-12 08:02:55,4.27,1.14,4.11,0.0,16.73,8,normal
176,2026-05-12 08:02:56,2.83,0.58,8.24,0.0,27.13,14,normal
177,2026-05-12 08:02:57,3.84,1.44,6.72,0.0,12.81,10,normal
178,2026-05-12 08:02:58,3.93,1.12,3.07,0.0,28.44,9,normal
179,2026-05-12 08:02:59,2.01,1.5,5.05,0.0,32.95,10,normal
180,2026-05-12 08:03:00,1.62,1.84,7.59,0.0,18.83,15,normal
181,2026-05-12 08:03:01,3.98,1.44,5.78,0.0,31.84,14,normal
182,2026-05-12 08:03:02,4.13,1.01,5.72,0.0,29.16,14,normal
183,2026-05-12 08:03:03,2.71,0.14,3.94,0.0,24.97,6,normal
184,2026-05-12 08:03:04,2.45,0.78,5.05,0.0,39.66,11,normal
185,2026-05-12 08:03:05,1.23,1.47,5.68,0.0,22.51,12,normal
186,2026-05-12 08:03:06,2.23,1.8,5.07,0.0,26.9,12,normal
187,2026-05-12 08:03:07,4.52,1.28,3.76,0.0,16.26,6,normal
188,2026-05-12 08:03:08,2.68,1.47,9.85,0.0,36.38,19,normal
189,2026-05-12 08:03:09,2.58,1.16,5.83,0.0,37.58,15,normal
190,2026-05-12 08:03:10,1.98,0.42,4.52,0.0,35.53,8,normal
191,2026-05-12 08:03:11,1.98,0.4,2.25,0.0,31.66,7,normal
192,2026-05-12 08:03:12,2.19,0.59,7.49,0.0,24.65,18,normal
193,2026-05-12 08:03:13,3.49,1.29,8.2,0.0,24.22,14,normal
194,2026-05-12 08:03:14,1.46,0.48,5.01,0.0,34.84,9,normal
195,2026-05-12 08:03:15,3.1,0.9,2.85,0.0,21.82,9,normal
196,2026-05-12 08:03:16,4.53,1.56,5.12,0.0,25.21,13,normal
197,2026-05-12 08:03:17,3.86,0.86,10.2,0.0,20.82,17,normal
198,2026-05-12 08:03:18,3.33,1.85,8.71,0.0,29.93,15,normal
199,2026-05-12 08:03:19,2.02,1.74,9.17,0.0,10.75,19,normal
200,2026-05-12 08:03:20,26.33,0.55,8.77,11.58,40.6,15,link_failure
201,2026-05-12 08:03:21,1.11,0.22,2.21,0.0,19.96,7,normal
202,2026-05-12 08:03:22,2.04,1.69,5.93,0.0,23.76,12,normal
203,2026-05-12 08:03:23,2.21,0.38,4.36,0.0,11.48,9,normal
204,2026-05-12 08:03:24,3.87,1.85,2.9,0.0,31.82,8,normal
205,2026-05-12 08:03:25,2.67,0.28,4.28,0.0,30.32,8,normal
206,2026-05-12 08:03:26,2.13,1.97,6.92,0.0,37.58,17,normal
207,2026-05-12 08:03:27,4.02,1.48,7.96,0.0,39.98,13,normal
208,2026-05-12 08:03:28,4.03,1.67,3.68,0.0,39.01,6,normal
209,2026-05-12 08:03:29,4.03,0.36,6.25,0.0,12.53,10,normal
210,2026-05-12 08:03:30,3.27,1.71,6.72,0.0,38.65,16,normal
211,2026-05-12 08:03:31,2.84,0.35,8.57,0.0,26.81,16,normal
212,2026-05-12 08:03:32,1.96,0.26,5.85,0.0,14.61,11,normal
213,2026-05-12 08:03:33,1.34,0.44,7.01,0.0,37.56,17,normal
214,2026-05-12 08:03:34,2.36,0.66,5.86,0.0,30.07,13,normal
215,2026-05-12 08:03:35,4.33,1.49,8.19,0.0,37.09,13,normal
216,2026-05-12 08:03:36,3.48,0.28,9.35,0.0,39.91,17,normal
217,2026-05-12 08:03:37,2.82,0.29,7.23,0.0,15.71,16,normal
218,2026-05-12 08:03:38,2.65,0.51,6.19,0.0,25.16,16,normal
219,2026-05-12 08:03:39,2.97,1.24,8.97,0.0,26.37,16,normal
220,2026-05-12 08:03:40,2.77,0.6,9.84,0.0,12.7,19,normal
221,2026-05-12 08:03:41,2.76,0.91,6.17,0.0,35.9,15,normal
222,2026-05-12 08:03:42,4.48,1.26,8.67,0.0,17.24,17,normal
223,2026-05-12 08:03:43,4.66,0.88,9.18,0.0,30.78,20,normal
224,2026-05-12 08:03:44,3.56,1.67,6.66,0.0,21.94,17,normal
225,2026-05-12 08:03:45,2.41,1.82,2.9,0.0,10.02,5,normal
226,2026-05-12 08:03:46,4.67,0.4,5.99,0.0,28.86,12,normal
227,2026-05-12 08:03:47,1.45,1.63,11.47,0.0,10.07,19,normal
228,2026-05-12 08:03:48,2.48,1.11,5.97,0.0,15.74,13,normal
229,2026-05-12 08:03:49,1.79,1.88,7.95,0.0,36.99,18,normal
230,2026-05-12 08:03:50,1.29,1.4,3.2,0.0,29.58,8,normal
231,2026-05-12 08:03:51,2.77,1.59,5.67,0.0,28.23,12,normal
232,2026-05-12 08:03:52,1.51,0.87,6.54,0.0,14.52,10,normal
233,2026-05-12 08:03:53,2.55,1.94,2.59,0.0,11.25,6,normal
234,2026-05-12 08:03:54,2.36,1.33,4.23,0.0,25.07,7,normal
235,2026-05-12 08:03:55,4.96,0.42,4.7,0.0,20.64,8,normal
236,2026-05-12 08:03:56,4.07,1.88,4.1,0.0,31.94,7,normal
237,2026-05-12 08:03:57,1.28,1.79,9.89,0.0,29.64,20,normal
238,2026-05-12 08:03:58,3.5,2.0,2.5,0.0,33.49,6,normal
239,2026-05-12 08:03:59,2.13,0.86,9.52,0.0,32.6,20,normal
240,2026-05-12 08:04:00,4.15,0.79,12.09,0.0,32.87,20,normal
241,2026-05-12 08:04:01,2.75,0.45,4.4,0.0,12.52,9,normal
242,2026-05-12 08:04:02,2.34,1.74,6.12,0.0,31.99,13,normal
243,2026-05-12 08:04:03,3.21,0.59,10.06,0.0,39.9,19,normal
244,2026-05-12 08:04:04,2.41,1.92,2.57,0.0,30.4,6,normal
245,2026-05-12 08:04:05,2.04,1.49,5.97,0.0,14.09,10,normal
246,2026-05-12 08:04:06,2.54,1.94,2.62,0.0,29.12,6,normal
247,2026-05-12 08:04:07,4.07,1.9,6.11,0.0,40.0,9,normal
248,2026-05-12 08:04:08,3.76,1.02,5.53,0.0,17.97,12,normal
249,2026-05-12 08:04:09,3.1,0.97,7.85,0.0,13.96,18,normal
250,2026-05-12 08:04:10,4.8,1.61,7.14,0.0,14.78,17,normal
251,2026-05-12 08:04:11,2.8,0.6,10.02,0.0,38.94,17,normal
252,2026-05-12 08:04:12,1.67,0.99,4.42,0.0,17.98,8,normal
253,2026-05-12 08:04:13,4.3,0.63,3.54,0.0,17.68,9,normal
254,2026-05-12 08:04:14,1.55,1.88,6.86,0.0,16.44,16,normal
255,2026-05-12 08:04:15,4.09,1.65,6.84,0.0,31.77,13,normal
256,2026-05-12 08:04:16,1.2,1.15,4.71,0.0,17.09,12,normal
257,2026-05-12 08:04:17,4.2,0.74,2.53,0.0,36.28,5,normal
258,2026-05-12 08:04:18,2.65,1.27,6.49,0.0,29.85,15,normal
259,2026-05-12 08:04:19,1.61,1.83,4.22,0.0,25.37,7,normal
260,2026-05-12 08:04:20,1.33,0.74,5.68,0.0,16.72,10,normal
261,2026-05-12 08:04:21,1.28,1.09,2.64,0.0,37.63,5,normal
262,2026-05-12 08:04:22,4.32,1.15,3.78,0.0,30.75,6,normal
263,2026-05-12 08:04:23,3.76,0.46,9.3,0.0,27.05,20,normal
264,2026-05-12 08:04:24,4.22,0.47,4.91,0.0,25.44,12,normal
265,2026-05-12 08:04:25,4.9,1.09,5.84,0.0,21.23,12,normal
266,2026-05-12 08:04:26,1.61,0.54,3.09,0.0,35.17,7,normal
267,2026-05-12 08:04:27,2.73,0.54,4.3,0.0,22.79,7,normal
268,2026-05-12 08:04:28,2.74,0.46,3.93,0.0,31.39,11,normal
269,2026-05-12 08:04:29,1.56,1.73,7.33,0.0,27.5,16,normal
270,2026-05-12 08:04:30,3.41,0.25,8.03,0.0,13.45,19,normal
271,2026-05-12 08:04:31,3.64,0.99,5.46,0.0,13.55,10,normal
272,2026-05-12 08:04:32,4.92,0.74,5.59,0.0,11.69,13,normal
273,2026-05-12 08:04:33,3.56,1.18,2.56,0.0,13.74,7,normal
274,2026-05-12 08:04:34,2.71,1.11,4.02,0.0,33.63,10,normal
275,2026-05-12 08:04:35,3.69,0.16,7.27,0.0,18.21,12,normal
276,2026-05-12 08:04:36,2.12,1.59,5.68,0.0,20.35,12,normal
277,2026-05-12 08:04:37,1.96,0.87,6.84,0.0,21.4,12,normal
278,2026-05-12 08:04:38,4.08,0.26,8.36,0.0,22.1,13,normal
279,2026-05-12 08:04:39,4.61,0.83,4.97,0.0,27.98,14,normal
280,2026-05-12 08:04:40,3.94,0.71,4.0,0.0,25.03,8,normal
281,2026-05-12 08:04:41,3.43,1.91,3.25,0.0,28.4,6,normal
282,2026-05-12 08:04:42,2.97,0.52,6.15,0.0,16.0,15,normal
283,2026-05-12 08:04:43,3.17,0.84,7.59,0.0,18.61,12,normal
284,2026-05-12 08:04:44,3.21,1.72,5.3,0.0,15.16,12,normal
285,2026-05-12 08:04:45,3.07,1.66,6.55,0.0,23.21,17,normal
286,2026-05-12 08:04:46,4.59,1.45,5.32,0.0,35.28,8,normal
287,2026-05-12 08:04:47,1.21,0.26,3.12,0.0,17.73,6,normal
288,2026-05-12 08:04:48,3.59,0.11,7.49,0.0,25.27,16,normal
289,2026-05-12 08:04:49,3.19,1.62,2.12,0.0,39.37,7,normal
290,2026-05-12 08:04:50,3.34,0.67,3.44,0.0,20.63,7,normal
291,2026-05-12 08:04:51,4.82,1.98,5.16,0.0,17.95,9,normal
292,2026-05-12 08:04:52,2.81,0.85,10.0,0.0,15.23,19,normal
293,2026-05-12 08:04:53,3.77,0.82,5.95,0.0,32.3,12,normal
294,2026-05-12 08:04:54,1.14,1.9,8.74,0.0,16.25,14,normal
295,2026-05-12 08:04:55,2.97,0.5,2.19,0.0,18.84,5,normal
296,2026-05-12 08:04:56,4.11,0.33,6.56,0.0,17.04,13,normal
297,2026-05-12 08:04:57,2.31,0.18,2.36,0.0,10.83,5,normal
298,2026-05-12 08:04:58,4.84,0.43,3.88,0.0,38.56,6,normal
299,2026-05-12 08:04:59,3.06,1.78,2.29,0.0,23.37,7,normal
300,2026-05-12 08:05:00,3.46,0.18,3.18,0.0,24.04,6,normal
301,2026-05-12 08:05:01,1.92,0.18,3.58,0.0,19.79,9,normal
302,2026-05-12 08:05:02,4.31,1.66,5.71,0.0,22.8,9,normal
303,2026-05-12 08:05:03,2.22,0.92,8.32,0.0,38.98,20,normal
304,2026-05-12 08:05:04,1.08,1.38,7.7,0.0,38.9,11,normal
305,2026-05-12 08:05:05,4.14,1.87,7.8,0.0,34.71,17,normal
306,2026-05-12 08:05:06,3.41,1.68,3.57,0.0,39.97,6,normal
307,2026-05-12 08:05:07,1.62,0.6,3.41,0.0,39.58,7,normal
308,2026-05-12 08:05:08,1.43,2.0,9.43,0.0,17.77,16,normal
309,2026-05-12 08:05:09,1.06,1.44,7.57,0.0,34.12,17,normal
310,2026-05-12 08:05:10,2.15,0.49,9.0,0.0,22.26,15,normal
311,2026-05-12 08:05:11,4.59,0.87,4.6,0.0,36.25,9,normal
312,2026-05-12 08:05:12,3.53,0.81,9.98,0.0,25.64,20,normal
313,2026-05-12 08:05:13,2.61,0.75,6.81,0.0,37.69,16,normal
314,2026-05-12 08:05:14,2.04,1.85,6.76,0.0,36.31,10,normal
315,2026-05-12 08:05:15,2.06,0.31,4.79,0.0,16.81,11,normal
316,2026-05-12 08:05:16,4.74,1.83,4.09,0.0,17.72,8,normal
317,2026-05-12 08:05:17,3.3,1.57,8.49,0.0,14.89,19,normal
318,2026-05-12 08:05:18,1.86,1.43,2.1,0.0,30.18,6,normal
319,2026-05-12 08:05:19,3.56,0.66,2.33,0.0,28.14,8,normal
320,2026-05-12 08:05:20,4.22,1.11,7.27,0.0,33.95,13,normal
321,2026-05-12 08:05:21,4.73,1.34,2.63,0.0,34.03,5,normal
322,2026-05-12 08:05:22,2.09,0.98,3.22,0.0,30.6,7,normal
323,2026-05-12 08:05:23,4.44,0.85,6.41,0.0,27.56,10,normal
324,2026-05-12 08:05:24,4.19,1.54,3.67,0.0,25.76,8,normal
325,2026-05-12 08:05:25,3.13,1.8,5.57,0.0,19.29,11,normal
326,2026-05-12 08:05:26,1.87,1.66,6.76,0.0,22.88,15,normal
327,2026-05-12 08:05:27,3.42,1.17,9.63,0.0,27.71,20,normal
328,2026-05-12 08:05:28,3.83,1.35,6.59,0.0,13.29,14,normal
329,2026-05-12 08:05:29,3.71,1.15,6.25,0.0,36.26,15,normal
330,2026-05-12 08:05:30,1.39,1.74,2.82,0.0,28.92,7,normal
331,2026-05-12 08:05:31,3.75,1.24,9.96,0.0,38.9,20,normal
332,2026-05-12 08:05:32,4.1,0.76,6.14,0.0,34.76,14,normal
333,2026-05-12 08:05:33,3.85,1.86,5.7,0.0,24.34,13,normal
334,2026-05-12 08:05:34,4.7,1.83,6.49,0.0,29.56,11,normal
335,2026-05-12 08:05:35,3.56,1.27,7.22,0.0,12.55,16,normal
336,2026-05-12 08:05:36,4.17,1.9,2.93,0.0,35.87,5,normal
337,2026-05-12 08:05:37,1.49,1.97,5.66,0.0,33.58,12,normal
338,2026-05-12 08:05:38,2.67,1.99,11.57,0.0,15.05,20,normal
339,2026-05-12 08:05:39,4.9,1.13,7.88,0.0,28.92,15,normal
340,2026-05-12 08:05:40,3.68,0.29,4.86,0.0,12.57,12,normal
341,2026-05-12 08:05:41,1.81,1.87,7.39,0.0,32.54,15,normal
342,2026-05-12 08:05:42,4.06,1.05,8.5,0.0,37.18,18,normal
343,2026-05-12 08:05:43,1.19,1.33,5.5,0.0,35.03,11,normal
344,2026-05-12 08:05:44,2.08,1.93,4.49,0.0,31.99,10,normal
345,2026-05-12 08:05:45,4.77,1.8,9.94,0.0,37.88,18,normal
346,2026-05-12 08:05:46,4.26,1.86,4.28,0.0,12.57,9,normal
347,2026-05-12 08:05:47,1.06,1.21,10.22,0.0,14.38,17,normal
348,2026-05-12 08:05:48,1.36,0.59,4.18,0.0,38.15,9,normal
349,2026-05-12 08:05:49,4.57,1.14,3.02,0.0,37.18,7,normal
350,2026-05-12 08:05:50,3.61,1.42,2.3,0.0,37.3,7,normal
351,2026-05-12 08:05:51,3.01,0.37,6.3,0.0,17.68,13,normal
352,2026-05-12 08:05:52,4.64,1.51,8.2,0.0,39.97,14,normal
353,2026-05-12 08:05:53,2.17,0.32,7.99,0.0,10.11,16,normal
354,2026-05-12 08:05:54,3.56,0.69,5.63,0.0,25.81,12,normal
355,2026-05-12 08:05:55,1.65,0.79,4.43,0.0,26.79,8,normal
356,2026-05-12 08:05:56,1.1,1.06,9.77,0.0,33.16,19,normal
357,2026-05-12 08:05:57,2.78,1.43,6.78,0.0,22.39,15,normal
358,2026-05-12 08:05:58,4.72,1.98,5.32,0.0,38.41,12,normal
359,2026-05-12 08:05:59,1.65,1.65,5.85,0.0,32.56,15,normal
360,2026-05-12 08:06:00,3.56,0.38,7.94,0.0,31.43,15,normal
361,2026-05-12 08:06:01,3.15,1.88,4.95,0.0,11.57,11,normal
362,2026-05-12 08:06:02,3.04,0.28,8.93,0.0,28.26,18,normal
363,2026-05-12 08:06:03,3.65,1.39,4.79,0.0,19.05,9,normal
364,2026-05-12 08:06:04,1.59,0.18,2.81,0.0,32.58,9,normal
365,2026-05-12 08:06:05,4.19,0.67,8.96,0.0,18.37,17,normal
366,2026-05-12 08:06:06,4.96,0.44,6.69,0.0,22.54,15,normal
367,2026-05-12 08:06:07,3.06,1.74,3.93,0.0,39.53,9,normal
368,2026-05-12 08:06:08,3.59,0.82,7.15,0.0,35.3,14,normal
369,2026-05-12 08:06:09,4.2,1.2,5.51,0.0,31.44,8,normal
370,2026-05-12 08:06:10,1.26,0.9,4.27,0.0,29.31,8,normal
371,2026-05-12 08:06:11,4.17,1.27,9.51,0.0,28.42,20,normal
372,2026-05-12 08:06:12,2.72,1.77,2.83,0.0,35.25,6,normal
373,2026-05-12 08:06:13,3.54,1.24,6.39,0.0,32.16,13,normal
374,2026-05-12 08:06:14,2.09,0.83,7.67,0.0,11.6,16,normal
375,2026-05-12 08:06:15,3.59,1.34,1.92,0.0,36.29,6,normal
376,2026-05-12 08:06:16,1.22,0.26,3.81,0.0,38.0,6,normal
377,2026-05-12 08:06:17,4.2,0.54,7.06,0.0,32.69,15,normal
378,2026-05-12 08:06:18,1.95,0.65,3.21,0.0,17.55,5,normal
379,2026-05-12 08:06:19,2.51,0.32,3.5,0.0,13.67,5,normal
380,2026-05-12 08:06:20,3.78,1.6,4.26,0.0,15.56,10,normal
381,2026-05-12 08:06:21,3.45,0.47,9.96,0.0,11.17,20,normal
382,2026-05-12 08:06:22,1.43,0.24,9.66,0.0,16.46,19,normal
383,2026-05-12 08:06:23,1.35,0.23,11.74,0.0,12.49,20,normal
384,2026-05-12 08:06:24,2.64,1.57,6.21,0.0,17.28,11,normal
385,2026-05-12 08:06:25,3.73,1.73,4.09,0.0,12.82,10,normal
386,2026-05-12 08:06:26,3.73,0.96,2.82,0.0,37.61,5,normal
387,2026-05-12 08:06:27,4.12,1.48,7.71,0.0,23.2,20,normal
388,2026-05-12 08:06:28,3.76,1.09,9.66,0.0,11.23,20,normal
389,2026-05-12 08:06:29,2.04,0.97,3.05,0.0,28.65,5,normal
390,2026-05-12 08:06:30,2.6,1.23,8.84,0.0,39.36,16,normal
391,2026-05-12 08:06:31,1.23,1.83,10.54,0.0,35.49,19,normal
392,2026-05-12 08:06:32,3.86,1.01,3.87,0.0,15.39,6,normal
393,2026-05-12 08:06:33,4.86,1.29,5.92,0.0,28.77,11,normal
394,2026-05-12 08:06:34,2.85,0.93,6.3,0.0,21.81,16,normal
395,2026-05-12 08:06:35,1.37,0.38,5.29,0.0,16.59,10,normal
396,2026-05-12 08:06:36,1.19,1.43,5.37,0.0,12.18,9,normal
397,2026-05-12 08:06:37,4.91,0.86,4.97,0.0,38.02,10,normal
398,2026-05-12 08:06:38,3.69,1.09,7.61,0.0,10.16,16,normal
399,2026-05-12 08:06:39,3.87,0.5,6.14,0.0,37.96,13,normal
400,2026-05-12 08:06:40,12.41,1.11,7.5,0.0,52.28,14,traffic_spike
401,2026-05-12 08:06:41,3.18,1.57,7.33,0.0,15.88,15,normal
402,2026-05-12 08:06:42,1.72,0.22,9.96,0.0,13.38,15,normal
403,2026-05-12 08:06:43,1.68,1.05,3.83,0.0,39.86,7,normal
404,2026-05-12 08:06:44,3.31,0.94,2.55,0.0,30.26,6,normal
405,2026-05-12 08:06:45,4.72,1.51,5.77,0.0,21.74,14,normal
406,2026-05-12 08:06:46,4.6,1.77,10.06,0.0,10.19,17,normal
407,2026-05-12 08:06:47,4.99,1.79,3.91,0.0,18.55,7,normal
408,2026-05-12 08:06:48,4.29,1.48,3.35,0.0,30.7,7,normal
409,2026-05-12 08:06:49,3.69,0.51,7.56,0.0,19.52,13,normal
410,2026-05-12 08:06:50,4.97,1.69,2.8,0.0,31.24,6,normal
411,2026-05-12 08:06:51,2.2,0.8,6.98,0.0,26.3,13,normal
412,2026-05-12 08:06:52,4.32,1.15,6.66,0.0,33.47,15,normal
413,2026-05-12 08:06:53,1.55,1.11,6.87,0.0,35.31,13,normal
414,2026-05-12 08:06:54,2.87,0.54,7.86,0.0,34.86,19,normal
415,2026-05-12 08:06:55,1.8,1.94,2.01,0.0,33.19,8,normal
416,2026-05-12 08:06:56,1.73,1.87,5.43,0.0,23.77,11,normal
417,2026-05-12 08:06:57,4.88,0.65,7.47,0.0,36.6,13,normal
418,2026-05-12 08:06:58,3.93,1.67,10.39,0.0,30.66,20,normal
419,2026-05-12 08:06:59,2.37,0.47,6.89,0.0,10.31,16,normal
420,2026-05-12 08:07:00,1.72,1.63,10.36,0.0,24.93,20,normal
421,2026-05-12 08:07:01,4.86,0.88,10.16,0.0,18.45,20,normal
422,2026-05-12 08:07:02,3.05,0.48,1.42,0.0,28.97,5,normal
423,2026-05-12 08:07:03,3.86,1.45,7.33,0.0,19.25,15,normal
424,2026-05-12 08:07:04,2.19,0.84,9.56,0.0,10.87,16,normal
425,2026-05-12 08:07:05,4.08,0.75,3.32,0.0,34.53,6,normal
426,2026-05-12 08:07:06,2.96,1.16,5.11,0.0,14.9,11,normal
427,2026-05-12 08:07:07,4.4,1.39,6.46,0.0,15.64,19,normal
428,2026-05-12 08:07:08,1.22,0.61,3.15,0.0,36.76,9,normal
429,2026-05-12 08:07:09,4.02,1.23,2.79,0.0,24.93,7,normal
430,2026-05-12 08:07:10,3.13,1.6,3.12,0.0,25.55,5,normal
431,2026-05-12 08:07:11,2.24,0.42,7.22,0.0,25.32,16,normal
432,2026-05-12 08:07:12,4.6,0.99,4.26,0.0,31.53,11,normal
433,2026-05-12 08:07:13,3.35,1.71,8.3,0.0,11.91,17,normal
434,2026-05-12 08:07:14,4.16,0.87,4.31,0.0,31.4,10,normal
435,2026-05-12 08:07:15,2.64,0.88,4.76,0.0,38.66,10,normal
436,2026-05-12 08:07:16,1.96,1.46,9.93,0.0,37.8,16,normal
437,2026-05-12 08:07:17,4.37,1.42,9.07,0.0,19.92,18,normal
438,2026-05-12 08:07:18,3.94,1.71,4.44,0.0,27.59,9,normal
439,2026-05-12 08:07:19,4.04,1.33,8.87,0.0,10.82,14,normal
440,2026-05-12 08:07:20,4.13,1.89,12.18,0.0,12.61,18,normal
441,2026-05-12 08:07:21,4.35,0.85,4.2,0.0,11.8,9,normal
442,2026-05-12 08:07:22,4.11,1.34,5.04,0.0,17.7,8,normal
443,2026-05-12 08:07:23,3.42,1.0,3.64,0.0,15.78,6,normal
444,2026-05-12 08:07:24,2.18,1.64,9.83,0.0,18.03,20,normal
445,2026-05-12 08:07:25,4.5,1.23,5.56,0.0,34.16,9,normal
446,2026-05-12 08:07:26,4.59,1.73,10.49,0.0,22.9,18,normal
447,2026-05-12 08:07:27,1.57,0.76,10.37,0.0,32.96,20,normal
448,2026-05-12 08:07:28,3.31,0.57,3.13,0.0,30.29,6,normal
449,2026-05-12 08:07:29,4.86,0.87,4.05,0.0,10.3,12,normal
450,2026-05-12 08:07:30,3.9,0.12,5.19,0.0,10.92,9,normal
451,2026-05-12 08:07:31,4.72,0.34,2.58,0.0,17.22,7,normal
452,2026-05-12 08:07:32,3.74,1.58,1.96,0.0,19.25,7,normal
453,2026-05-12 08:07:33,2.14,0.8,7.99,0.0,11.74,14,normal
454,2026-05-12 08:07:34,1.44,1.49,9.28,0.0,23.34,17,normal
455,2026-05-12 08:07:35,1.6,0.13,4.82,0.0,30.12,11,normal
456,2026-05-12 08:07:36,3.17,0.88,8.05,0.0,28.38,17,normal
457,2026-05-12 08:07:37,2.63,0.29,6.48,0.0,18.15,13,normal
458,2026-05-12 08:07:38,3.69,1.73,4.28,0.0,37.21,6,normal
459,2026-05-12 08:07:39,4.83,1.21,4.02,0.0,30.73,13,normal
460,2026-05-12 08:07:40,3.8,0.65,4.17,0.0,25.81,8,normal
461,2026-05-12 08:07:41,2.69,0.14,7.94,0.0,21.73,16,normal
462,2026-05-12 08:07:42,2.51,0.34,11.08,0.0,15.25,20,normal
463,2026-05-12 08:07:43,2.09,1.92,6.11,0.0,29.94,13,normal
464,2026-05-12 08:07:44,1.67,0.56,5.0,0.0,27.61,10,normal
465,2026-05-12 08:07:45,4.06,0.95,3.18,0.0,33.75,6,normal
466,2026-05-12 08:07:46,1.05,0.99,3.31,0.0,12.16,7,normal
467,2026-05-12 08:07:47,4.1,1.5,6.9,0.0,18.77,12,normal
468,2026-05-12 08:07:48,2.52,1.63,4.03,0.0,24.06,9,normal
469,2026-05-12 08:07:49,3.88,0.73,8.77,0.0,16.13,17,normal
470,2026-05-12 08:07:50,4.85,0.95,11.01,0.0,23.65,18,normal
471,2026-05-12 08:07:51,1.03,1.49,10.07,0.0,27.43,20,normal
472,2026-05-12 08:07:52,1.84,1.49,7.78,0.0,28.56,16,normal
473,2026-05-12 08:07:53,2.4,0.52,9.04,0.0,21.74,19,normal
474,2026-05-12 08:07:54,2.59,0.9,9.0,0.0,31.99,20,normal
475,2026-05-12 08:07:55,2.54,1.87,2.28,0.0,19.18,5,normal
476,2026-05-12 08:07:56,4.44,0.53,7.92,0.0,11.65,17,normal
477,2026-05-12 08:07:57,2.21,1.74,6.88,0.0,14.03,15,normal
478,2026-05-12 08:07:58,1.87,1.05,1.8,0.0,10.55,5,normal
479,2026-05-12 08:07:59,1.81,0.55,2.66,0.0,20.28,7,normal
480,2026-05-12 08:08:00,4.56,1.41,6.76,0.0,31.66,16,normal
481,2026-05-12 08:08:01,4.08,0.32,7.92,0.0,30.93,13,normal
482,2026-05-12 08:08:02,4.84,0.4,4.51,0.0,27.7,10,normal
483,2026-05-12 08:08:03,2.15,1.24,5.61,0.0,14.09,12,normal
484,2026-05-12 08:08:04,2.79,0.63,9.81,0.0,33.56,16,normal
485,2026-05-12 08:08:05,1.65,1.31,9.42,0.0,18.37,19,normal
486,2026-05-12 08:08:06,2.83,1.09,6.69,0.0,12.0,15,normal
487,2026-05-12 08:08:07,2.42,0.56,8.38,0.0,17.74,20,normal
488,2026-05-12 08:08:08,3.01,1.83,6.13,0.0,27.4,12,normal
489,2026-05-12 08:08:09,4.71,2.0,3.65,0.0,27.97,8,normal
490,2026-05-12 08:08:10,3.93,1.95,10.32,0.0,11.19,19,normal
491,2026-05-12 08:08:11,3.4,0.73,9.99,0.0,21.26,20,normal
492,2026-05-12 08:08:12,4.6,0.56,9.0,0.0,31.98,17,normal
493,2026-05-12 08:08:13,2.44,0.93,4.91,0.0,12.38,12,normal
494,2026-05-12 08:08:14,3.59,0.16,8.98,0.0,37.48,16,normal
495,2026-05-12 08:08:15,4.97,1.33,6.22,0.0,32.55,14,normal
496,2026-05-12 08:08:16,3.75,0.22,4.92,0.0,27.41,12,normal
497,2026-05-12 08:08:17,4.98,1.16,11.0,0.0,28.17,19,normal
498,2026-05-12 08:08:18,1.99,1.55,6.83,0.0,25.94,11,normal
499,2026-05-12 08:08:19,3.37,1.74,4.04,0.0,14.64,6,normal
500,2026-05-12 08:08:20,2.39,1.92,1.79,0.0,30.22,5,normal
501,2026-05-12 08:08:21,4.19,0.24,7.16,0.0,24.8,12,normal
502,2026-05-12 08:08:22,4.93,0.79,3.46,0.0,27.63,6,normal
503,2026-05-12 08:08:23,3.59,0.79,7.86,0.0,27.02,19,normal
504,2026-05-12 08:08:24,1.22,1.61,5.68,0.0,23.68,11,normal
505,2026-05-12 08:08:25,1.52,1.51,10.02,0.0,37.76,20,normal
506,2026-05-12 08:08:26,4.1,0.62,4.77,0.0,24.98,8,normal
507,2026-05-12 08:08:27,3.37,1.69,6.21,0.0,30.63,10,normal
508,2026-05-12 08:08:28,3.13,0.24,10.22,0.0,23.05,20,normal
509,2026-05-12 08:08:29,2.87,0.94,3.56,0.0,17.07,9,normal
510,2026-05-12 08:08:30,1.66,1.9,5.97,0.0,15.05,13,normal
511,2026-05-12 08:08:31,1.85,0.54,6.76,0.0,32.17,18,normal
512,2026-05-12 08:08:32,1.33,0.5,3.69,0.0,20.99,8,normal
513,2026-05-12 08:08:33,3.64,1.98,4.17,0.0,28.78,10,normal
514,2026-05-12 08:08:34,3.9,0.34,4.34,0.0,15.79,7,normal
515,2026-05-12 08:08:35,2.07,1.55,2.27,0.0,16.87,5,normal
516,2026-05-12 08:08:36,1.57,1.08,3.25,0.0,21.3,7,normal
517,2026-05-12 08:08:37,1.91,1.48,9.15,0.0,35.31,18,normal
518,2026-05-12 08:08:38,3.8,1.23,5.88,0.0,29.35,12,normal
519,2026-05-12 08:08:39,2.08,2.0,1.86,0.0,16.23,6,normal
520,2026-05-12 08:08:40,1.29,1.3,7.81,0.0,29.83,15,normal
521,2026-05-12 08:08:41,2.18,1.36,5.27,0.0,14.33,13,normal
522,2026-05-12 08:08:42,3.61,0.9,4.35,0.0,10.51,11,normal
523,2026-05-12 08:08:43,3.9,1.07,2.82,0.0,21.56,5,normal
524,2026-05-12 08:08:44,2.36,0.11,7.89,0.0,32.04,12,normal
525,2026-05-12 08:08:45,3.07,1.51,8.01,0.0,20.43,15,normal
526,2026-05-12 08:08:46,4.91,1.68,9.83,0.0,10.55,20,normal
527,2026-05-12 08:08:47,3.27,1.98,4.34,0.0,34.71,8,normal
528,2026-05-12 08:08:48,3.38,1.9,6.9,0.0,34.27,14,normal
529,2026-05-12 08:08:49,3.5,1.29,4.2,0.0,21.01,10,normal
530,2026-05-12 08:08:50,3.81,0.64,3.89,0.0,35.38,6,normal
531,2026-05-12 08:08:51,3.89,0.96,8.55,0.0,38.68,13,normal
532,2026-05-12 08:08:52,2.07,1.69,8.21,0.0,22.79,15,normal
533,2026-05-12 08:08:53,4.27,1.48,7.78,0.0,37.32,19,normal
534,2026-05-12 08:08:54,1.83,1.51,4.93,0.0,25.9,10,normal
535,2026-05-12 08:08:55,4.49,1.85,4.4,0.0,10.21,7,normal
536,2026-05-12 08:08:56,3.11,0.26,4.57,0.0,36.12,12,normal
537,2026-05-12 08:08:57,2.68,0.67,6.17,0.0,13.47,14,normal
538,2026-05-12 08:08:58,1.2,1.77,3.77,0.0,37.39,7,normal
539,2026-05-12 08:08:59,4.76,1.91,3.37,0.0,35.97,9,normal
540,2026-05-12 08:09:00,1.81,1.78,3.54,0.0,27.5,5,normal
541,2026-05-12 08:09:01,1.67,1.58,8.43,0.0,28.51,14,normal
542,2026-05-12 08:09:02,1.49,1.58,3.09,0.0,16.41,6,normal
543,2026-05-12 08:09:03,4.1,0.95,4.95,0.0,36.35,9,normal
544,2026-05-12 08:09:04,2.57,0.21,2.73,0.0,10.92,7,normal
545,2026-05-12 08:09:05,3.15,1.0,11.12,0.0,26.45,18,normal
546,2026-05-12 08:09:06,3.93,0.36,3.5,0.0,20.47,6,normal
547,2026-05-12 08:09:07,2.2,0.65,7.5,0.0,10.52,13,normal
548,2026-05-12 08:09:08,2.49,1.78,5.27,0.0,30.83,13,normal
549,2026-05-12 08:09:09,1.44,1.44,9.57,0.0,11.91,20,normal
550,2026-05-12 08:09:10,2.55,0.93,4.92,0.0,30.55,8,normal
551,2026-05-12 08:09:11,2.73,1.55,8.2,0.0,38.63,16,normal
552,2026-05-12 08:09:12,1.45,1.19,11.75,0.0,17.36,20,normal
553,2026-05-12 08:09:13,4.56,1.02,7.2,0.0,29.26,12,normal
554,2026-05-12 08:09:14,4.19,0.87,8.09,0.0,21.09,20,normal
555,2026-05-12 08:09:15,3.8,1.99,4.55,0.0,17.09,10,normal
556,2026-05-12 08:09:16,1.19,1.92,12.46,0.0,30.96,19,normal
557,2026-05-12 08:09:17,4.47,0.85,5.42,0.0,14.21,12,normal
558,2026-05-12 08:09:18,4.37,1.19,3.38,0.0,38.27,9,normal
559,2026-05-12 08:09:19,3.59,1.39,2.42,0.0,39.21,5,normal
560,2026-05-12 08:09:20,2.2,0.98,6.0,0.0,17.02,10,normal
561,2026-05-12 08:09:21,2.91,0.75,6.12,0.0,10.31,13,normal
562,2026-05-12 08:09:22,2.62,1.31,8.59,0.0,33.74,13,normal
563,2026-05-12 08:09:23,4.19,1.1,9.87,0.0,19.93,15,normal
564,2026-05-12 08:09:24,3.68,1.97,6.91,0.0,16.0,20,normal
565,2026-05-12 08:09:25,1.82,1.11,5.76,0.0,32.45,12,normal
566,2026-05-12 08:09:26,1.28,0.37,5.57,0.0,19.87,9,normal
567,2026-05-12 08:09:27,2.7,1.32,8.35,0.0,23.54,13,normal
568,2026-05-12 08:09:28,4.99,1.16,5.23,0.0,23.43,9,normal
569,2026-05-12 08:09:29,4.05,1.86,2.37,0.0,12.85,5,normal
570,2026-05-12 08:09:30,1.41,0.47,4.64,0.0,35.69,13,normal
571,2026-05-12 08:09:31,4.03,1.91,6.45,0.0,30.61,14,normal
572,2026-05-12 08:09:32,1.01,1.2,5.3,0.0,38.63,13,normal
573,2026-05-12 08:09:33,3.49,0.31,6.63,0.0,15.9,10,normal
574,2026-05-12 08:09:34,4.79,1.2,7.36,0.0,16.26,18,normal
575,2026-05-12 08:09:35,4.7,0.25,5.0,0.0,27.15,14,normal
576,2026-05-12 08:09:36,1.4,1.22,3.71,0.0,11.3,10,normal
577,2026-05-12 08:09:37,2.21,0.6,6.08,0.0,29.42,13,normal
578,2026-05-12 08:09:38,4.71,1.35,6.77,0.0,27.38,16,normal
579,2026-05-12 08:09:39,2.32,1.46,8.08,0.0,20.32,18,normal
580,2026-05-12 08:09:40,3.69,0.7,7.76,0.0,18.11,19,normal
581,2026-05-12 08:09:41,1.29,1.08,4.41,0.0,13.4,9,normal
582,2026-05-12 08:09:42,1.91,0.2,8.85,0.0,39.34,19,normal
583,2026-05-12 08:09:43,1.79,0.37,6.55,0.0,18.85,11,normal
584,2026-05-12 08:09:44,3.32,0.86,4.82,0.0,27.77,13,normal
585,2026-05-12 08:09:45,1.98,1.83,3.97,0.0,18.58,8,normal
586,2026-05-12 08:09:46,4.6,1.65,3.01,0.0,17.15,9,normal
587,2026-05-12 08:09:47,1.2,1.91,9.31,0.0,21.38,19,normal
588,2026-05-12 08:09:48,2.97,0.33,3.95,0.0,39.83,7,normal
589,2026-05-12 08:09:49,2.07,1.45,1.76,0.0,25.17,5,normal
590,2026-05-12 08:09:50,4.93,0.19,3.54,0.0,21.11,5,normal
591,2026-05-12 08:09:51,1.87,0.16,9.68,0.0,15.78,18,normal
592,2026-05-12 08:09:52,2.74,1.25,3.39,0.0,33.36,5,normal
593,2026-05-12 08:09:53,3.7,1.84,9.07,0.0,37.21,18,normal
594,2026-05-12 08:09:54,3.73,1.52,9.02,0.0,19.17,17,normal
595,2026-05-12 08:09:55,3.05,0.42,7.81,0.0,29.19,13,normal
596,2026-05-12 08:09:56,1.55,1.03,6.92,0.0,18.79,16,normal
597,2026-05-12 08:09:57,3.17,1.74,3.02,0.0,12.59,5,normal
598,2026-05-12 08:09:58,1.45,1.25,5.1,0.0,26.83,9,normal
599,2026-05-12 08:09:59,3.05,0.51,9.74,0.0,16.91,17,normal
600,2026-05-12 08:10:00,8.29,0.45,5.46,0.0,58.96,15,link_degradation
601,2026-05-12 08:10:01,2.41,1.79,6.59,0.0,39.62,14,normal
602,2026-05-12 08:10:02,4.69,1.32,8.84,0.0,16.57,20,normal
603,2026-05-12 08:10:03,1.54,1.37,9.73,0.0,29.14,15,normal
604,2026-05-12 08:10:04,2.47,1.04,8.08,0.0,10.97,12,normal
605,2026-05-12 08:10:05,4.29,1.33,5.47,0.0,17.32,13,normal
606,2026-05-12 08:10:06,1.41,1.62,7.6,0.0,28.82,15,normal
607,2026-05-12 08:10:07,1.45,0.2,9.37,0.0,26.46,17,normal
608,2026-05-12 08:10:08,3.98,0.46,5.36,0.0,21.38,10,normal
609,2026-05-12 08:10:09,4.74,1.96,2.42,0.0,19.5,7,normal
610,2026-05-12 08:10:10,2.38,1.34,3.49,0.0,35.3,9,normal
611,2026-05-12 08:10:11,4.26,1.01,5.33,0.0,29.81,10,normal
612,2026-05-12 08:10:12,1.05,1.21,6.9,0.0,15.78,11,normal
613,2026-05-12 08:10:13,1.36,1.99,10.15,0.0,14.57,19,normal
614,2026-05-12 08:10:14,1.24,1.4,2.84,0.0,11.65,7,normal
615,2026-05-12 08:10:15,4.26,1.68,3.15,0.0,27.44,6,normal
616,2026-05-12 08:10:16,2.96,0.12,6.38,0.0,24.67,11,normal
617,2026-05-12 08:10:17,4.47,0.19,6.22,0.0,35.58,12,normal
618,2026-05-12 08:10:18,4.52,1.02,5.78,0.0,12.48,8,normal
619,2026-05-12 08:10:19,2.82,0.24,2.92,0.0,24.09,8,normal
620,2026-05-12 08:10:20,4.01,0.34,3.95,0.0,11.66,7,normal
621,2026-05-12 08:10:21,3.22,0.78,6.1,0.0,18.89,13,normal
622,2026-05-12 08:10:22,3.84,1.1,8.47,0.0,11.28,18,normal
623,2026-05-12 08:10:23,3.57,0.15,1.96,0.0,29.74,5,normal
624,2026-05-12 08:10:24,4.27,0.19,3.22,0.0,36.64,6,normal
625,2026-05-12 08:10:25,4.69,1.29,3.54,0.0,27.69,7,normal
626,2026-05-12 08:10:26,4.28,1.15,6.12,0.0,24.43,11,normal
627,2026-05-12 08:10:27,1.66,1.43,4.48,0.0,22.82,9,normal
628,2026-05-12 08:10:28,2.65,1.79,3.74,0.0,25.94,7,normal
629,2026-05-12 08:10:29,1.3,0.39,5.2,0.0,10.71,11,normal
630,2026-05-12 08:10:30,3.09,1.82,10.33,0.0,29.66,19,normal
631,2026-05-12 08:10:31,2.84,1.11,11.06,0.0,23.65,20,normal
632,2026-05-12 08:10:32,3.69,1.75,4.7,0.0,27.83,9,normal
633,2026-05-12 08:10:33,1.93,1.42,3.37,0.0,28.24,6,normal
634,2026-05-12 08:10:34,1.78,1.86,5.68,0.0,19.96,17,normal
635,2026-05-12 08:10:35,2.39,0.54,7.93,0.0,15.21,14,normal
636,2026-05-12 08:10:36,4.38,1.37,3.19,0.0,37.21,7,normal
637,2026-05-12 08:10:37,2.89,1.88,7.29,0.0,39.65,11,normal
638,2026-05-12 08:10:38,4.8,0.16,2.94,0.0,25.15,7,normal
639,2026-05-12 08:10:39,2.49,1.56,8.42,0.0,33.55,15,normal
640,2026-05-12 08:10:40,1.98,0.18,10.76,0.0,15.04,18,normal
641,2026-05-12 08:10:41,3.76,0.43,7.17,0.0,27.61,14,normal
642,2026-05-12 08:10:42,1.86,0.2,6.99,0.0,38.73,16,normal
643,2026-05-12 08:10:43,3.53,0.83,6.53,0.0,34.92,14,normal
644,2026-05-12 08:10:44,2.98,0.38,7.34,0.0,13.86,14,normal
645,2026-05-12 08:10:45,3.42,0.11,2.51,0.0,12.86,5,normal
646,2026-05-12 08:10:46,4.82,0.28,7.34,0.0,22.64,16,normal
647,2026-05-12 08:10:47,4.93,0.22,7.92,0.0,38.47,14,normal
648,2026-05-12 08:10:48,3.27,1.28,8.24,0.0,39.48,15,normal
649,2026-05-12 08:10:49,1.7,1.64,3.06,0.0,33.99,7,normal
650,2026-05-12 08:10:50,4.46,1.59,7.27,0.0,31.84,15,normal
651,2026-05-12 08:10:51,2.25,0.63,4.63,0.0,22.49,8,normal
652,2026-05-12 08:10:52,2.91,0.31,7.84,0.0,33.24,18,normal
653,2026-05-12 08:10:53,2.62,1.23,6.85,0.0,21.11,16,normal
654,2026-05-12 08:10:54,1.0,1.79,11.23,0.0,31.15,20,normal
655,2026-05-12 08:10:55,2.72,0.99,8.88,0.0,17.99,16,normal
656,2026-05-12 08:10:56,3.31,1.67,3.5,0.0,35.87,6,normal
657,2026-05-12 08:10:57,4.32,0.25,7.15,0.0,17.73,12,normal
658,2026-05-12 08:10:58,3.28,1.26,6.02,0.0,25.83,15,normal
659,2026-05-12 08:10:59,4.19,1.09,7.68,0.0,27.44,18,normal
660,2026-05-12 08:11:00,1.53,1.95,7.31,0.0,38.05,14,normal
661,2026-05-12 08:11:01,4.35,0.74,6.39,0.0,18.63,13,normal
662,2026-05-12 08:11:02,3.51,1.91,5.99,0.0,38.79,15,normal
663,2026-05-12 08:11:03,1.41,1.23,7.18,0.0,36.68,14,normal
664,2026-05-12 08:11:04,1.37,0.82,3.96,0.0,15.61,8,normal
665,2026-05-12 08:11:05,2.56,1.76,8.98,0.0,16.22,18,normal
666,2026-05-12 08:11:06,4.56,0.68,5.24,0.0,11.75,10,normal
667,2026-05-12 08:11:07,1.2,0.72,8.69,0.0,13.54,20,normal
668,2026-05-12 08:11:08,2.29,1.07,2.8,0.0,24.28,9,normal
669,2026-05-12 08:11:09,2.09,1.74,3.4,0.0,31.02,10,normal
670,2026-05-12 08:11:10,4.08,0.13,9.88,0.0,32.9,20,normal
671,2026-05-12 08:11:11,1.89,1.02,6.02,0.0,28.44,14,normal
672,2026-05-12 08:11:12,3.68,1.16,5.13,0.0,31.52,14,normal
673,2026-05-12 08:11:13,1.43,0.41,6.3,0.0,28.84,15,normal
674,2026-05-12 08:11:14,3.8,1.12,1.47,0.0,18.67,5,normal
675,2026-05-12 08:11:15,4.11,0.36,8.64,0.0,38.3,17,normal
676,2026-05-12 08:11:16,2.08,0.61,6.19,0.0,22.4,13,normal
677,2026-05-12 08:11:17,2.0,0.59,2.78,0.0,38.53,5,normal
678,2026-05-12 08:11:18,4.43,0.58,6.68,0.0,30.42,14,normal
679,2026-05-12 08:11:19,4.51,0.23,9.49,0.0,11.3,15,normal
680,2026-05-12 08:11:20,2.25,0.53,10.09,0.0,14.58,20,normal
681,2026-05-12 08:11:21,4.85,0.38,3.9,0.0,29.75,11,normal
682,2026-05-12 08:11:22,1.3,1.55,4.48,0.0,23.32,8,normal
683,2026-05-12 08:11:23,4.49,1.81,7.47,0.0,30.75,18,normal
684,2026-05-12 08:11:24,1.29,0.15,5.88,0.0,26.29,11,normal
685,2026-05-12 08:11:25,4.39,1.38,7.16,0.0,13.18,15,normal
686,2026-05-12 08:11:26,1.0,1.31,5.92,0.0,26.29,11,normal
687,2026-05-12 08:11:27,4.53,0.62,9.46,0.0,33.24,15,normal
688,2026-05-12 08:11:28,2.66,1.68,2.76,0.0,10.32,5,normal
689,2026-05-12 08:11:29,2.66,1.4,6.82,0.0,39.82,15,normal
690,2026-05-12 08:11:30,3.51,0.29,5.54,0.0,28.01,13,normal
691,2026-05-12 08:11:31,1.05,0.42,4.46,0.0,35.92,7,normal
692,2026-05-12 08:11:32,2.61,0.97,6.96,0.0,32.47,17,normal
693,2026-05-12 08:11:33,4.26,1.65,7.73,0.0,25.91,18,normal
694,2026-05-12 08:11:34,1.61,1.29,6.07,0.0,17.01,14,normal
695,2026-05-12 08:11:35,1.31,1.67,1.98,0.0,17.62,5,normal
696,2026-05-12 08:11:36,4.2,0.51,2.02,0.0,28.18,5,normal
697,2026-05-12 08:11:37,2.6,0.18,6.78,0.0,20.66,12,normal
698,2026-05-12 08:11:38,1.49,0.41,4.09,0.0,38.77,9,normal
699,2026-05-12 08:11:39,3.38,1.04,9.82,0.0,39.36,19,normal
700,2026-05-12 08:11:40,4.07,1.7,4.65,0.0,39.02,8,normal
701,2026-05-12 08:11:41,4.38,0.57,5.78,0.0,34.74,12,normal
702,2026-05-12 08:11:42,3.68,0.51,6.76,0.0,32.8,13,normal
703,2026-05-12 08:11:43,4.74,1.44,5.29,0.0,36.33,13,normal
704,2026-05-12 08:11:44,2.71,1.82,2.78,0.0,11.64,7,normal
705,2026-05-12 08:11:45,4.26,0.12,5.17,0.0,15.66,12,normal
706,2026-05-12 08:11:46,4.71,1.38,5.33,0.0,37.57,10,normal
707,2026-05-12 08:11:47,1.03,0.44,2.65,0.0,16.0,5,normal
708,2026-05-12 08:11:48,4.87,0.25,3.43,0.0,23.16,10,normal
709,2026-05-12 08:11:49,1.81,0.51,11.41,0.0,17.72,20,normal
710,2026-05-12 08:11:50,2.63,0.41,3.18,0.0,35.95,6,normal
711,2026-05-12 08:11:51,2.75,1.09,4.19,0.0,20.64,10,normal
712,2026-05-12 08:11:52,1.85,1.02,9.46,0.0,12.55,19,normal
713,2026-05-12 08:11:53,2.35,1.89,6.13,0.0,36.22,10,normal
714,2026-05-12 08:11:54,3.74,0.42,8.5,0.0,38.9,17,normal
715,2026-05-12 08:11:55,1.67,0.38,1.75,0.0,38.85,6,normal
716,2026-05-12 08:11:56,3.24,0.82,5.71,0.0,18.73,16,normal
717,2026-05-12 08:11:57,3.78,0.8,10.01,0.0,23.16,17,normal
718,2026-05-12 08:11:58,2.75,1.06,7.48,0.0,27.24,20,normal
719,2026-05-12 08:11:59,2.59,1.39,5.47,0.0,37.92,8,normal
720,2026-05-12 08:12:00,1.76,0.25,11.32,0.0,19.31,19,normal
721,2026-05-12 08:12:01,3.11,0.43,5.11,0.0,36.4,13,normal
722,2026-05-12 08:12:02,2.12,1.28,7.45,0.0,27.52,18,normal
723,2026-05-12 08:12:03,2.59,1.27,4.46,0.0,24.36,13,normal
724,2026-05-12 08:12:04,1.8,0.56,8.31,0.0,32.0,16,normal
725,2026-05-12 08:12:05,2.95,1.68,6.85,0.0,36.3,13,normal
726,2026-05-12 08:12:06,4.84,1.39,3.18,0.0,36.54,7,normal
727,2026-05-12 08:12:07,2.6,0.8,6.68,0.0,21.1,14,normal
728,2026-05-12 08:12:08,2.32,1.67,3.89,0.0,12.84,7,normal
729,2026-05-12 08:12:09,3.44,1.02,6.34,0.0,28.74,11,normal
730,2026-05-12 08:12:10,3.79,0.64,3.76,0.0,34.88,8,normal
731,2026-05-12 08:12:11,1.68,0.44,9.0,0.0,37.79,17,normal
732,2026-05-12 08:12:12,3.77,0.41,5.79,0.0,25.61,13,normal
733,2026-05-12 08:12:13,1.12,1.42,12.16,0.0,38.37,19,normal
734,2026-05-12 08:12:14,2.66,1.41,6.97,0.0,11.69,17,normal
735,2026-05-12 08:12:15,2.83,0.35,2.37,0.0,32.74,5,normal
736,2026-05-12 08:12:16,1.95,0.89,2.93,0.0,39.64,10,normal
737,2026-05-12 08:12:17,4.91,0.91,3.67,0.0,28.86,5,normal
738,2026-05-12 08:12:18,4.27,1.11,5.67,0.0,16.23,11,normal
739,2026-05-12 08:12:19,2.75,0.14,7.27,0.0,11.33,14,normal
740,2026-05-12 08:12:20,1.84,1.55,7.68,0.0,37.26,15,normal
741,2026-05-12 08:12:21,2.44,0.39,3.92,0.0,31.73,10,normal
742,2026-05-12 08:12:22,2.13,0.57,2.03,0.0,14.63,5,normal
743,2026-05-12 08:12:23,3.92,1.61,7.83,0.0,25.2,13,normal
744,2026-05-12 08:12:24,3.38,1.31,3.28,0.0,14.7,7,normal
745,2026-05-12 08:12:25,4.73,1.47,3.73,0.0,32.51,9,normal
746,2026-05-12 08:12:26,4.85,0.76,7.67,0.0,29.84,14,normal
747,2026-05-12 08:12:27,1.3,1.94,5.25,0.0,23.52,9,normal
748,2026-05-12 08:12:28,1.88,0.63,6.58,0.0,15.57,14,normal
749,2026-05-12 08:12:29,4.75,0.25,1.91,0.0,27.99,6,normal
750,2026-05-12 08:12:30,3.53,0.65,5.14,0.0,37.34,8,normal
751,2026-05-12 08:12:31,1.1,0.69,5.63,0.0,31.88,13,normal
752,2026-05-12 08:12:32,2.02,0.4,7.49,0.0,38.35,13,normal
753,2026-05-12 08:12:33,1.34,0.29,4.98,0.0,20.68,10,normal
754,2026-05-12 08:12:34,4.52,0.98,1.7,0.0,27.82,5,normal
755,2026-05-12 08:12:35,2.99,1.6,7.44,0.0,30.33,16,normal
756,2026-05-12 08:12:36,2.51,0.85,7.12,0.0,35.05,16,normal
757,2026-05-12 08:12:37,3.4,0.94,9.27,0.0,10.64,20,normal
758,2026-05-12 08:12:38,4.22,0.77,6.64,0.0,35.14,14,normal
759,2026-05-12 08:12:39,1.76,1.51,2.31,0.0,33.1,6,normal
760,2026-05-12 08:12:40,4.82,0.46,9.33,0.0,37.13,20,normal
761,2026-05-12 08:12:41,1.31,1.89,2.29,0.0,20.76,5,normal
762,2026-05-12 08:12:42,3.15,1.02,8.75,0.0,39.11,16,normal
763,2026-05-12 08:12:43,3.46,1.42,8.03,0.0,12.94,14,normal
764,2026-05-12 08:12:44,1.16,1.59,6.22,0.0,27.24,12,normal
765,2026-05-12 08:12:45,2.89,0.65,9.54,0.0,13.07,20,normal
766,2026-05-12 08:12:46,2.14,1.42,4.45,0.0,10.29,9,normal
767,2026-05-12 08:12:47,3.94,1.95,5.81,0.0,23.73,15,normal
768,2026-05-12 08:12:48,3.99,0.75,8.11,0.0,17.74,17,normal
769,2026-05-12 08:12:49,1.1,1.79,12.29,0.0,37.06,20,normal
770,2026-05-12 08:12:50,2.66,0.98,6.13,0.0,23.33,9,normal
771,2026-05-12 08:12:51,3.15,0.91,8.89,0.0,38.69,15,normal
772,2026-05-12 08:12:52,4.77,1.96,11.2,0.0,20.48,18,normal
773,2026-05-12 08:12:53,1.32,0.6,7.13,0.0,32.95,14,normal
774,2026-05-12 08:12:54,2.75,1.13,9.16,0.0,29.8,16,normal
775,2026-05-12 08:12:55,4.24,1.32,8.5,0.0,25.41,20,normal
776,2026-05-12 08:12:56,1.62,1.43,9.8,0.0,26.39,20,normal
777,2026-05-12 08:12:57,2.54,1.27,8.84,0.0,21.62,18,normal
778,2026-05-12 08:12:58,3.78,0.61,5.97,0.0,18.73,15,normal
779,2026-05-12 08:12:59,4.02,1.12,2.79,0.0,16.14,6,normal
780,2026-05-12 08:13:00,1.21,0.7,9.82,0.0,14.41,15,normal
781,2026-05-12 08:13:01,4.34,0.73,9.39,0.0,15.83,19,normal
782,2026-05-12 08:13:02,4.48,1.41,2.6,0.0,10.08,6,normal
783,2026-05-12 08:13:03,2.27,0.95,3.17,0.0,27.01,7,normal
784,2026-05-12 08:13:04,4.17,1.53,6.82,0.0,21.65,14,normal
785,2026-05-12 08:13:05,1.15,0.88,7.16,0.0,19.66,12,normal
786,2026-05-12 08:13:06,3.45,0.46,3.57,0.0,33.82,9,normal
787,2026-05-12 08:13:07,2.7,1.39,2.45,0.0,12.83,6,normal
788,2026-05-12 08:13:08,4.33,0.94,4.63,0.0,12.01,7,normal
789,2026-05-12 08:13:09,4.29,1.57,9.24,0.0,31.42,18,normal
790,2026-05-12 08:13:10,3.95,1.85,10.99,0.0,18.02,19,normal
791,2026-05-12 08:13:11,4.98,0.85,7.28,0.0,28.58,13,normal
792,2026-05-12 08:13:12,1.06,1.73,6.9,0.0,25.78,12,normal
793,2026-05-12 08:13:13,3.5,1.25,8.75,0.0,39.87,17,normal
794,2026-05-12 08:13:14,1.2,0.61,3.23,0.0,12.32,6,normal
795,2026-05-12 08:13:15,4.1,0.95,4.4,0.0,11.77,9,normal
796,2026-05-12 08:13:16,4.51,1.35,6.83,0.0,37.73,13,normal
797,2026-05-12 08:13:17,1.06,0.5,10.69,0.0,30.21,19,normal
798,2026-05-12 08:13:18,4.83,1.49,7.02,0.0,39.27,12,normal
799,2026-05-12 08:13:19,4.02,1.0,1.09,0.0,13.57,6,normal
800,2026-05-12 08:13:20,1.2,1.82,10.9,0.0,18.94,17,normal
801,2026-05-12 08:13:21,2.29,1.76,6.67,0.0,32.14,13,normal
802,2026-05-12 08:13:22,2.49,1.03,3.11,0.0,29.42,9,normal
803,2026-05-12 08:13:23,4.61,0.34,7.81,0.0,24.77,13,normal
804,2026-05-12 08:13:24,1.16,1.83,8.41,0.0,36.11,17,normal
805,2026-05-12 08:13:25,1.48,0.15,6.64,0.0,25.77,16,normal
806,2026-05-12 08:13:26,4.18,0.49,4.08,0.0,17.06,10,normal
807,2026-05-12 08:13:27,1.45,0.83,8.55,0.0,33.24,15,normal
808,2026-05-12 08:13:28,3.56,0.87,2.65,0.0,10.18,7,normal
809,2026-05-12 08:13:29,1.89,0.7,7.08,0.0,11.61,12,normal
810,2026-05-12 08:13:30,2.69,0.61,8.28,0.0,28.69,13,normal
811,2026-05-12 08:13:31,2.23,0.17,3.6,0.0,25.43,7,normal
812,2026-05-12 08:13:32,3.44,0.91,9.38,0.0,26.85,20,normal
813,2026-05-12 08:13:33,3.68,1.83,8.15,0.0,16.9,15,normal
814,2026-05-12 08:13:34,4.6,1.23,7.8,0.0,27.85,20,normal
815,2026-05-12 08:13:35,1.21,0.99,8.48,0.0,28.85,17,normal
816,2026-05-12 08:13:36,3.33,0.94,2.93,0.0,13.2,5,normal
817,2026-05-12 08:13:37,2.81,1.9,4.57,0.0,17.46,6,normal
818,2026-05-12 08:13:38,3.28,0.57,8.31,0.0,19.33,19,normal
819,2026-05-12 08:13:39,3.43,1.61,10.04,0.0,36.93,18,normal
820,2026-05-12 08:13:40,2.37,0.59,6.91,0.0,35.38,16,normal
821,2026-05-12 08:13:41,3.94,0.16,3.2,0.0,23.18,8,normal
822,2026-05-12 08:13:42,3.69,1.58,8.31,0.0,33.23,13,normal
823,2026-05-12 08:13:43,3.77,1.56,4.71,0.0,19.57,12,normal
824,2026-05-12 08:13:44,3.35,1.52,4.85,0.0,36.86,8,normal
825,2026-05-12 08:13:45,1.32,0.46,5.01,0.0,31.56,10,normal
826,2026-05-12 08:13:46,1.05,0.51,7.67,0.0,16.88,19,normal
827,2026-05-12 08:13:47,2.88,1.05,12.03,0.0,38.9,20,normal
828,2026-05-12 08:13:48,3.33,1.07,3.97,0.0,30.97,6,normal
829,2026-05-12 08:13:49,3.16,1.48,4.26,0.0,19.07,7,normal
830,2026-05-12 08:13:50,1.12,0.15,6.29,0.0,25.78,14,normal
831,2026-05-12 08:13:51,2.91,1.53,4.26,0.0,31.61,9,normal
832,2026-05-12 08:13:52,3.29,1.41,7.45,0.0,24.38,14,normal
833,2026-05-12 08:13:53,4.08,0.61,1.91,0.0,16.24,6,normal
834,2026-05-12 08:13:54,4.28,0.52,4.95,0.0,22.58,13,normal
835,2026-05-12 08:13:55,2.47,0.42,4.86,0.0,15.53,8,normal
836,2026-05-12 08:13:56,3.22,1.13,5.14,0.0,16.04,13,normal
837,2026-05-12 08:13:57,2.26,0.99,4.45,0.0,29.94,11,normal
838,2026-05-12 08:13:58,1.84,0.59,6.0,0.0,22.86,10,normal
839,2026-05-12 08:13:59,3.99,1.64,7.41,0.0,10.9,17,normal
840,2026-05-12 08:14:00,3.46,1.69,10.52,0.0,10.36,19,normal
841,2026-05-12 08:14:01,3.39,1.31,3.97,0.0,21.61,11,normal
842,2026-05-12 08:14:02,4.13,1.86,1.67,0.0,28.96,5,normal
843,2026-05-12 08:14:03,3.7,0.51,9.56,0.0,12.71,20,normal
844,2026-05-12 08:14:04,4.65,0.98,6.18,0.0,29.07,14,normal
845,2026-05-12 08:14:05,1.21,1.11,2.92,0.0,23.08,6,normal
846,2026-05-12 08:14:06,2.08,1.02,3.35,0.0,36.42,6,normal
847,2026-05-12 08:14:07,2.2,0.37,7.27,0.0,30.04,18,normal
848,2026-05-12 08:14:08,1.8,0.66,4.34,0.0,34.66,13,normal
849,2026-05-12 08:14:09,4.59,1.41,3.56,0.0,38.0,8,normal
850,2026-05-12 08:14:10,3.43,1.45,2.39,0.0,38.65,8,normal
851,2026-05-12 08:14:11,1.87,1.18,10.98,0.0,17.6,20,normal
852,2026-05-12 08:14:12,3.22,1.07,8.82,0.0,21.08,17,normal
853,2026-05-12 08:14:13,4.48,0.4,7.0,0.0,11.14,14,normal
854,2026-05-12 08:14:14,3.82,1.44,6.81,0.0,23.69,12,normal
855,2026-05-12 08:14:15,1.65,0.48,10.93,0.0,34.24,17,normal
856,2026-05-12 08:14:16,3.87,0.47,10.65,0.0,26.35,20,normal
857,2026-05-12 08:14:17,1.64,1.04,5.78,0.0,16.33,11,normal
858,2026-05-12 08:14:18,1.39,1.77,6.44,0.0,27.7,12,normal
859,2026-05-12 08:14:19,4.62,1.77,4.69,0.0,32.35,9,normal
860,2026-05-12 08:14:20,1.59,0.22,5.08,0.0,28.03,13,normal
861,2026-05-12 08:14:21,2.84,1.06,7.71,0.0,23.4,12,normal
862,2026-05-12 08:14:22,3.1,0.55,7.63,0.0,12.87,17,normal
863,2026-05-12 08:14:23,2.34,0.22,5.47,0.0,17.54,8,normal
864,2026-05-12 08:14:24,4.96,0.59,8.1,0.0,27.59,17,normal
865,2026-05-12 08:14:25,2.51,1.66,5.64,0.0,39.83,15,normal
866,2026-05-12 08:14:26,2.47,0.43,7.29,0.0,12.06,14,normal
867,2026-05-12 08:14:27,4.11,0.66,4.3,0.0,28.52,7,normal
868,2026-05-12 08:14:28,2.38,0.45,3.32,0.0,11.99,7,normal
869,2026-05-12 08:14:29,1.79,1.18,5.72,0.0,28.31,10,normal
870,2026-05-12 08:14:30,2.75,0.11,6.66,0.0,12.53,14,normal
871,2026-05-12 08:14:31,3.02,0.61,8.47,0.0,24.9,15,normal
872,2026-05-12 08:14:32,1.45,1.72,10.12,0.0,26.33,17,normal
873,2026-05-12 08:14:33,3.62,1.72,6.56,0.0,13.31,13,normal
874,2026-05-12 08:14:34,4.7,1.0,6.59,0.0,36.74,14,normal
875,2026-05-12 08:14:35,4.03,0.84,4.48,0.0,14.29,9,normal
876,2026-05-12 08:14:36,1.98,0.12,4.44,0.0,21.08,8,normal
877,2026-05-12 08:14:37,1.71,1.92,7.33,0.0,29.64,13,normal
878,2026-05-12 08:14:38,3.69,0.31,7.89,0.0,17.82,16,normal
879,2026-05-12 08:14:39,2.96,1.97,9.14,0.0,17.29,18,normal
880,2026-05-12 08:14:40,2.56,0.69,8.76,0.0,39.61,18,normal
881,2026-05-12 08:14:41,2.75,1.41,4.6,0.0,17.96,8,normal
882,2026-05-12 08:14:42,1.93,1.0,2.34,0.0,35.98,6,normal
883,2026-05-12 08:14:43,1.69,1.37,5.98,0.0,35.19,10,normal
884,2026-05-12 08:14:44,2.98,0.99,1.59,0.0,15.49,5,normal
885,2026-05-12 08:14:45,2.92,0.86,2.3,0.0,15.03,6,normal
886,2026-05-12 08:14:46,3.75,1.44,9.76,0.0,14.66,16,normal
887,2026-05-12 08:14:47,2.65,1.25,3.84,0.0,20.3,8,normal
888,2026-05-12 08:14:48,4.07,1.05,4.98,0.0,22.76,10,normal
889,2026-05-12 08:14:49,2.28,0.63,4.59,0.0,31.37,12,normal
890,2026-05-12 08:14:50,2.61,1.83,8.9,0.0,10.26,15,normal
891,2026-05-12 08:14:51,1.96,1.74,3.65,0.0,33.75,6,normal
892,2026-05-12 08:14:52,1.71,0.63,2.58,0.0,18.32,6,normal
893,2026-05-12 08:14:53,2.2,0.21,2.79,0.0,17.05,5,normal
894,2026-05-12 08:14:54,2.9,1.43,8.38,0.0,11.7,20,normal
895,2026-05-12 08:14:55,3.67,1.15,4.22,0.0,28.17,9,normal
896,2026-05-12 08:14:56,2.85,0.73,7.3,0.0,16.68,15,normal
897,2026-05-12 08:14:57,2.77,0.95,2.37,0.0,30.79,5,normal
898,2026-05-12 08:14:58,2.62,1.62,6.93,0.0,33.33,18,normal
899,2026-05-12 08:14:59,2.22,1.99,8.44,0.0,18.48,17,normal
900,2026-05-12 08:15:00,2.48,0.24,4.67,0.0,17.07,11,normal
901,2026-05-12 08:15:01,4.24,0.57,2.5,0.0,14.14,5,normal
902,2026-05-12 08:15:02,1.71,0.5,2.64,0.0,14.29,6,normal
903,2026-05-12 08:15:03,4.74,1.2,7.0,0.0,16.72,13,normal
904,2026-05-12 08:15:04,4.04,0.83,3.14,0.0,14.39,8,normal
905,2026-05-12 08:15:05,2.22,0.36,6.85,0.0,31.34,13,normal
906,2026-05-12 08:15:06,4.39,1.06,7.53,0.0,36.86,14,normal
907,2026-05-12 08:15:07,3.33,0.48,6.84,0.0,22.31,12,normal
908,2026-05-12 08:15:08,3.77,1.13,8.26,0.0,38.79,18,normal
909,2026-05-12 08:15:09,1.06,0.59,8.85,0.0,35.52,20,normal
910,2026-05-12 08:15:10,2.05,1.74,9.01,0.0,39.64,17,normal
911,2026-05-12 08:15:11,2.69,0.87,3.32,0.0,14.99,7,normal
912,2026-05-12 08:15:12,2.79,1.61,5.93,0.0,35.03,14,normal
913,2026-05-12 08:15:13,1.54,0.32,6.83,0.0,15.96,13,normal
914,2026-05-12 08:15:14,3.97,1.5,10.32,0.0,12.03,20,normal
915,2026-05-12 08:15:15,3.25,1.2,10.36,0.0,37.61,16,normal
916,2026-05-12 08:15:16,1.37,0.56,5.29,0.0,38.74,10,normal
917,2026-05-12 08:15:17,1.66,1.75,4.02,0.0,28.48,10,normal
918,2026-05-12 08:15:18,3.37,0.2,10.69,0.0,10.08,20,normal
919,2026-05-12 08:15:19,3.38,1.46,8.13,0.0,32.77,17,normal
920,2026-05-12 08:15:20,4.6,1.23,9.05,0.0,16.09,18,normal
921,2026-05-12 08:15:21,4.09,1.02,6.91,0.0,28.04,13,normal
922,2026-05-12 08:15:22,4.4,1.27,5.02,0.0,19.86,13,normal
923,2026-05-12 08:15:23,3.96,1.25,3.04,0.0,37.72,6,normal
924,2026-05-12 08:15:24,1.09,1.26,6.18,0.0,28.42,16,normal
925,2026-05-12 08:15:25,1.77,1.99,2.42,0.0,30.34,5,normal
926,2026-05-12 08:15:26,2.83,0.51,7.76,0.0,17.82,16,normal
927,2026-05-12 08:15:27,3.07,0.52,8.48,0.0,20.3,16,normal
928,2026-05-12 08:15:28,1.41,1.63,8.36,0.0,29.05,16,normal
929,2026-05-12 08:15:29,4.54,1.88,6.59,0.0,13.13,14,normal
930,2026-05-12 08:15:30,3.4,0.64,6.87,0.0,17.15,15,normal
931,2026-05-12 08:15:31,3.74,0.75,9.62,0.0,32.42,17,normal
932,2026-05-12 08:15:32,2.12,1.89,2.58,0.0,32.53,6,normal
933,2026-05-12 08:15:33,3.07,0.28,8.88,0.0,18.21,19,normal
934,2026-05-12 08:15:34,4.16,0.28,2.39,0.0,16.71,11,normal
935,2026-05-12 08:15:35,2.14,1.76,8.09,0.0,10.79,14,normal
936,2026-05-12 08:15:36,4.71,0.68,6.24,0.0,19.14,15,normal
937,2026-05-12 08:15:37,4.39,0.17,4.23,0.0,23.85,9,normal
938,2026-05-12 08:15:38,2.15,0.78,7.6,0.0,27.5,14,normal
939,2026-05-12 08:15:39,1.69,0.58,5.5,0.0,21.51,9,normal
940,2026-05-12 08:15:40,4.4,0.2,8.2,0.0,38.13,15,normal
941,2026-05-12 08:15:41,3.32,1.71,2.66,0.0,25.85,6,normal
942,2026-05-12 08:15:42,4.35,1.84,6.31,0.0,36.92,16,normal
943,2026-05-12 08:15:43,2.31,1.49,6.4,0.0,18.82,13,normal
944,2026-05-12 08:15:44,4.59,0.14,6.76,0.0,25.37,11,normal
945,2026-05-12 08:15:45,2.34,1.69,8.38,0.0,29.59,20,normal
946,2026-05-12 08:15:46,1.49,1.51,8.33,0.0,12.62,16,normal
947,2026-05-12 08:15:47,1.36,1.98,5.47,0.0,12.8,10,normal
948,2026-05-12 08:15:48,3.35,0.74,5.88,0.0,27.29,12,normal
949,2026-05-12 08:15:49,4.03,0.66,4.9,0.0,21.71,11,normal
950,2026-05-12 08:15:50,1.22,1.77,7.6,0.0,12.6,19,normal
951,2026-05-12 08:15:51,3.98,1.39,2.94,0.0,31.03,7,normal
952,2026-05-12 08:15:52,2.24,1.81,5.9,0.0,17.77,13,normal
953,2026-05-12 08:15:53,3.31,0.27,10.56,0.0,16.4,20,normal
954,2026-05-12 08:15:54,2.97,0.7,7.27,0.0,19.58,13,normal
955,2026-05-12 08:15:55,3.69,0.15,4.35,0.0,35.89,8,normal
956,2026-05-12 08:15:56,4.69,1.03,8.89,0.0,22.96,16,normal
957,2026-05-12 08:15:57,1.4,1.17,4.63,0.0,22.9,11,normal
958,2026-05-12 08:15:58,4.77,1.81,4.05,0.0,22.23,8,normal
959,2026-05-12 08:15:59,4.92,1.19,10.68,0.0,27.8,19,normal
960,2026-05-12 08:16:00,3.65,0.32,6.95,0.0,35.44,17,normal
961,2026-05-12 08:16:01,3.93,1.49,7.74,0.0,24.89,16,normal
962,2026-05-12 08:16:02,2.17,1.53,7.02,0.0,36.26,14,normal
963,2026-05-12 08:16:03,4.45,1.65,8.65,0.0,28.38,16,normal
964,2026-05-12 08:16:04,4.66,0.65,3.78,0.0,17.51,6,normal
965,2026-05-12 08:16:05,4.91,1.61,5.51,0.0,25.58,13,normal
966,2026-05-12 08:16:06,3.57,1.9,3.8,0.0,37.61,6,normal
967,2026-05-12 08:16:07,3.35,0.76,4.74,0.0,14.55,9,normal
968,2026-05-12 08:16:08,1.25,1.58,12.6,0.0,19.59,20,normal
969,2026-05-12 08:16:09,4.07,0.54,3.22,0.0,17.28,5,normal
970,2026-05-12 08:16:10,3.67,1.03,7.3,0.0,10.38,12,normal
971,2026-05-12 08:16:11,3.63,1.43,6.07,0.0,16.47,13,normal
972,2026-05-12 08:16:12,1.67,1.07,7.2,0.0,24.34,18,normal
973,2026-05-12 08:16:13,1.7,0.53,7.88,0.0,15.48,13,normal
974,2026-05-12 08:16:14,4.42,0.23,2.78,0.0,10.42,5,normal
975,2026-05-12 08:16:15,2.23,1.06,5.26,0.0,37.25,10,normal
976,2026-05-12 08:16:16,1.6,1.02,8.98,0.0,34.88,18,normal
977,2026-05-12 08:16:17,3.95,0.58,3.08,0.0,14.35,6,normal
978,2026-05-12 08:16:18,3.32,1.16,4.84,0.0,33.48,11,normal
979,2026-05-12 08:16:19,2.61,0.65,7.09,0.0,33.22,14,normal
980,2026-05-12 08:16:20,4.35,0.35,7.83,0.0,39.47,12,normal
981,2026-05-12 08:16:21,1.97,1.57,4.49,0.0,36.12,9,normal
982,2026-05-12 08:16:22,1.26,0.55,8.4,0.0,21.15,14,normal
983,2026-05-12 08:16:23,4.7,0.96,4.33,0.0,24.33,8,normal
984,2026-05-12 08:16:24,1.73,1.22,9.33,0.0,18.29,20,normal
985,2026-05-12 08:16:25,2.82,1.12,4.37,0.0,14.04,10,normal
986,2026-05-12 08:16:26,3.02,1.65,7.28,0.0,19.64,12,normal
987,2026-05-12 08:16:27,3.92,1.71,7.83,0.0,18.1,13,normal
988,2026-05-12 08:16:28,2.11,0.44,9.8,0.0,33.37,20,normal
989,2026-05-12 08:16:29,1.95,1.32,3.87,0.0,17.77,7,normal
990,2026-05-12 08:16:30,3.3,0.6,7.44,0.0,13.36,13,normal
991,2026-05-12 08:16:31,4.53,0.32,8.77,0.0,28.37,19,normal
992,2026-05-12 08:16:32,2.38,0.86,7.55,0.0,10.92,17,normal
993,2026-05-12 08:16:33,4.17,1.86,5.36,0.0,36.4,12,normal
994,2026-05-12 08:16:34,1.01,0.13,4.31,0.0,19.98,11,normal
995,2026-05-12 08:16:35,2.69,0.74,6.57,0.0,36.15,16,normal
996,2026-05-12 08:16:36,4.15,1.93,4.67,0.0,34.01,8,normal
997,2026-05-12 08:16:37,2.41,0.46,2.21,0.0,32.09,6,normal
998,2026-05-12 08:16:38,2.13,0.21,10.57,0.0,28.89,20,normal
999,2026-05-12 08:16:39,4.88,1.97,4.85,0.0,18.16,9,normal
